AC,1
Acura,1
Alfa Romeo,1
Aro,1
Asia,1
Aston Martin,1
Audi,1
Austin,1
Bentley,1
BMW,1
BMW Alpina,1
Brilliance,1
Bugatti,1
Buick,1
BYD,1
Cadillac,1
Caterham,1
ChangFeng,1
Chery,1
Chevrolet,1
Chrysler,1
Citroen,1
Dacia,1
Dadi,1
Daewoo,1
Daihatsu,1
Daimler,1
De Lorean,1
Derways,1
Dodge,1
DongFeng,1
Doninvest,1
Eagle,1
Ecomotors,1
FAW,1
Ferrari,1
Fiat,1
Fisker,1
Ford,1
Foton,1
FSO,1
Geely,1
GMC,1
Great Wall,1
Hafei,1
Haima,1
Honda,1
Hummer,1
Hyundai,1
Infiniti,1
Iran Khodro,1
Isuzu,1
JAC,1
Jaguar,1
Jeep,1
Kia,1
Koenigsegg,1
Lamborghini,1
Lancia,1
Land Rover,1
Landwind,1
Lexus,1
Lifan,1
Lincoln,1
Lotus,1
Luxgen,1
Mahindra,1
Maserati,1
Maybach,1
Mazda,1
Mc Laren,1
Mercedes-Benz,1
Mercury,1
Metrocab,1
MG,1
Mini,1
Mitsubishi,1
Mitsuoka,1
Morgan,1
Nissan,1
Oldsmobile,1
Opel,1
Peugeot,1
Plymouth,1
Pontiac,1
Porsche,1
Proton,1
PUCH,1
Renault,1
Rolls-Royce,1
Rover,1
Saab,1
Saturn,1
Scion,1
SEAT,1
ShuangHuan,1
Skoda,1
SMA,1
Smart,1
Spyker,1
Ssang Yong,1
Subaru,1
Suzuki,1
TATA,1
Tatra,1
Tesla,1
Tianma,1
Tianye,1
Toyota,1
Trabant,1
Vauxhall,1
Volkswagen,1
Volvo,1
Vortex,1
Wartburg,1
Westfield,1
Wiesmann,1
Xin Kai,1
ZX,1
Астро,1
Бронто,1
ВАЗ,1
ГАЗ,1
ЗАЗ,1
ЗИЛ,1
ИЖ,1
КамАЗ,1
ЛУАЗ,1
Москвич (АЗЛК),1
СеАЗ,1
СМЗ,1
ТагАЗ,1
УАЗ,1
ВАЗ,2
ЗАЗ,2
СЕМАР,2
ВИС,2
ИЖ,2
ТАГАЗ,2
ГАЗ,2
МОСКВИЧ (АЗЛК),2
УАЗ,2
ЕРАЗ,2
BARKAS,2
FOTON,2
MITSUBISHI,2
BAW,2
GMC,2
MULTICAR,2
BEDFORD,2
GREAT WALL,2
NISSAN,2
BREMACH,2
GROZ,2
NYSA,2
CHANGAN,2
HONDA,2
OPEL,2
CHEVROLET,2
HYUNDAI,2
PEUGEOT,2
CITROEN,2
ISUZU,2
RENAULT,2
DACIA,2
IVECO,2
SKODA,2
DAF,2
JAC,2
SSANG YONG,2
DAIHATSU,2
JINBEI,2
SUBARU,2
DODGE,2
JMC,2
TATA3,2
DONGFENG,2
KIA,2
TOYOTA,2
FAW,2
LDV,2
VOLKSWAGEN,2
FIAT,2
MAZDA,2
YUEJIN,2
FORD,2
MERCEDES-BENZ,2
Белорус,3
Ромашка,3
Ивановец,3
JCB,3
Лиаз, 4
Икарус, 4